{
    "total_tasks": 150,
    "total_exact_match_tasks": 131,
    "exact_match_percentage": 0.8733333333333333,
    "average_prefix_match": 0.9053544973544975,
    "total_correct_actions": 619,
    "total_actions": 708,
    "macro_average_precision": 0.9128809523809526,
    "micro_average_precision": 0.8742937853107344,
    "task_achieved": 131,
    "total_tasks_completed": 131,
    "task_completion_percentage": 0.8733333333333333,
    "task_not_done_but_end": 5
}